1,Images/Ramen/ramen1.png
1,Images/Ramen/ramen2.png
1,Images/Ramen/ramen3.png
2,Images/Biryani/biryani1.png
2,Images/Biryani/biryani2.png
2,Images/Biryani/biryani3.png
3,Images/Salad/salad1.png
3,Images/Salad/salad2.png
3,Images/Salad/salad3.png
4,Images/Burger/burger1.png
4,Images/Burger/burger2.png
4,Images/Burger/burger3.png
5,Images/pasta/pasta.jpg
5,Images/pasta/pasta1.jpg
5,Images/pasta/pasta2.jpg
6,Images/sushi/sushi.jpg
6,Images/sushi/sushi1.jpg
6,Images/sushi/sushi2.jpg
7,Images/pizza/pizza.jpg
7,Images/pizza/pizza1.jpg
7,Images/pizza/pizza2.jpg
8,Images/taco/taco.jpg
8,Images/taco/taco1.jpg
8,Images/taco/taco2.jpg
