1,https://i.postimg.cc/ZRSW27CF/ramen1.jpg
1,https://i.postimg.cc/fLfVNcd4/ramen2.jpg
1,https://i.postimg.cc/k58Vj3Xg/ramen3.jpg
2,https://i.postimg.cc/wBsNSRFH/biryani1.jpg
2,https://i.postimg.cc/RZhKLDHW/biryani2.jpg
2,https://i.postimg.cc/MpLRPm7d/biryani3.jpg
3,https://i.postimg.cc/Prpdbbqt/salad1.jpg
3,https://i.postimg.cc/Xqh4SqsS/salad2.jpg
3,https://i.postimg.cc/HWPp7vdZ/salad3.jpg
4,https://i.postimg.cc/d12y0Mzx/burger1.jpg
4,https://i.postimg.cc/2yCBbcY8/burger2.jpg
4,https://i.postimg.cc/hvMQ9L48/burger3.jpg
5,https://i.postimg.cc/YCvLWL5g/pasta1.jpg
5,https://i.postimg.cc/4NLhyQSs/pasta2.jpg
5,https://i.postimg.cc/YCTGfq7P/pasta.jpg
6,https://i.postimg.cc/qqtHL04m/sushi.jpg
6,https://i.postimg.cc/fLqhmknt/sushi1.jpg
6,https://i.postimg.cc/Bbd97yvJ/sushi2.jpg
7,https://i.postimg.cc/8cbMZ846/pizza.jpg
7,https://i.postimg.cc/d3FGRQ2F/pizza1.jpg
7,https://i.postimg.cc/9MZGqwq1/pizza2.jpg
8,https://i.postimg.cc/T3jMQtvX/taco.jpg
8,https://i.postimg.cc/T3jMQtvX/taco.jpg
8,https://i.postimg.cc/T3jMQtvX/taco.jpg
